#node1	node2	node1_string_id	node2_string_id	neighborhood_on_chromosome	gene_fusion	phylogenetic_cooccurrence	homology	coexpression	experimentally_determined_interaction	database_annotated	automated_textmining	combined_score
ACE	REN	9606.ENSP00000290866	9606.ENSP00000272190	0	0	0	0	0.044	0	0	0.987	0.987
ACE	AGTR2	9606.ENSP00000290866	9606.ENSP00000360973	0	0	0	0	0.042	0	0	0.948	0.948
ACE	ACE2	9606.ENSP00000290866	9606.ENSP00000389326	0	0	0.109	0.857	0.042	0	0	0.952	0.956
ACE	AGTR1	9606.ENSP00000290866	9606.ENSP00000398832	0	0	0	0	0.042	0	0	0.974	0.974
ACE2	REN	9606.ENSP00000389326	9606.ENSP00000272190	0	0	0	0	0.053	0	0	0.960	0.960
ACE2	ANPEP	9606.ENSP00000389326	9606.ENSP00000300060	0	0	0	0	0.095	0	0	0.936	0.939
ACE2	DPP4	9606.ENSP00000389326	9606.ENSP00000353731	0	0	0	0	0.060	0	0.900	0.995	0.999
ACE2	XPNPEP2	9606.ENSP00000389326	9606.ENSP00000360147	0	0	0	0	0.159	0	0.900	0.508	0.955
ACE2	AGTR2	9606.ENSP00000389326	9606.ENSP00000360973	0	0	0	0	0.072	0	0	0.952	0.954
ACE2	ITGB1	9606.ENSP00000389326	9606.ENSP00000379350	0	0	0	0	0	0.363	0	0.857	0.905
ACE2	FURIN	9606.ENSP00000389326	9606.ENSP00000483552	0	0	0	0	0	0	0	0.904	0.904
ACE2	MME	9606.ENSP00000389326	9606.ENSP00000418525	0	0	0	0	0.043	0	0.900	0.660	0.964
ACE2	AGTR1	9606.ENSP00000389326	9606.ENSP00000398832	0	0	0	0	0	0	0	0.996	0.996
ADAM10	BACE1	9606.ENSP00000260408	9606.ENSP00000318585	0	0	0	0	0.049	0.322	0	0.889	0.922
ADAM10	ADAM17	9606.ENSP00000260408	9606.ENSP00000309968	0	0	0	0.684	0.058	0	0.900	0.596	0.958
ADAM17	FURIN	9606.ENSP00000309968	9606.ENSP00000483552	0	0	0	0	0.042	0	0.750	0.766	0.939
ADAM17	TNF	9606.ENSP00000309968	9606.ENSP00000398698	0	0	0	0	0.044	0	0.750	0.811	0.950
ADORA1	ADORA3	9606.ENSP00000356205	9606.ENSP00000241356	0	0	0.053	0.935	0	0	0.900	0.101	0.907
ADRB1	ADRB2	9606.ENSP00000358301	9606.ENSP00000305372	0	0	0	0.935	0.049	0.237	0.900	0.469	0.956
ADRB1	ADRB3	9606.ENSP00000358301	9606.ENSP00000343782	0	0	0	0.929	0.051	0	0.900	0.106	0.907
ADRB1	NPPA	9606.ENSP00000358301	9606.ENSP00000365663	0	0	0	0	0	0	0.900	0.494	0.947
ADRB1	DLG4	9606.ENSP00000358301	9606.ENSP00000497806	0	0	0	0	0	0.515	0	0.907	0.953
ADRB2	ADRB3	9606.ENSP00000305372	9606.ENSP00000343782	0	0	0	0.916	0.051	0	0.900	0.426	0.940
ADRB2	SRC	9606.ENSP00000305372	9606.ENSP00000362680	0	0	0	0	0.047	0.510	0.500	0.831	0.955
AGTR1	REN	9606.ENSP00000398832	9606.ENSP00000272190	0	0	0	0	0	0	0	0.969	0.969
AGTR1	F2	9606.ENSP00000398832	9606.ENSP00000308541	0	0	0	0	0.054	0.052	0.900	0.223	0.920
AGTR1	AGTR2	9606.ENSP00000398832	9606.ENSP00000360973	0	0	0	0.835	0.042	0	0.900	0.835	0.982
AGTR2	REN	9606.ENSP00000360973	9606.ENSP00000272190	0	0	0	0	0.057	0	0	0.934	0.935
AKR1B1	DHFR	9606.ENSP00000285930	9606.ENSP00000396308	0.041	0	0	0	0.105	0	0.900	0.733	0.974
ALK	ATIC	9606.ENSP00000373700	9606.ENSP00000236959	0	0	0	0	0	0.059	0.500	0.867	0.932
ALK	PIK3CA	9606.ENSP00000373700	9606.ENSP00000263967	0	0	0	0	0	0.069	0.900	0.801	0.979
ALK	JAK1	9606.ENSP00000373700	9606.ENSP00000499900	0	0	0	0.561	0	0	0.900	0.465	0.944
ALK	JAK3	9606.ENSP00000373700	9606.ENSP00000432511	0	0	0	0.560	0	0.369	0.900	0.282	0.950
ALK	GRB2	9606.ENSP00000373700	9606.ENSP00000376345	0	0	0	0	0	0.688	0.500	0.794	0.965
AMPD3	ATIC	9606.ENSP00000379802	9606.ENSP00000236959	0	0	0	0	0	0.052	0.900	0.492	0.947
AMPD3	HPRT1	9606.ENSP00000379802	9606.ENSP00000298556	0	0	0	0	0.042	0	0.932	0.486	0.963
AMPD3	IMPDH2	9606.ENSP00000379802	9606.ENSP00000321584	0.057	0	0	0	0.067	0.091	0.914	0.582	0.966
ANPEP	LAP3	9606.ENSP00000300060	9606.ENSP00000226299	0	0	0	0	0.102	0.071	0.900	0.631	0.965
ANPEP	GCLC	9606.ENSP00000300060	9606.ENSP00000497574	0	0	0	0	0	0	0.914	0.224	0.930
ANPEP	DPP4	9606.ENSP00000300060	9606.ENSP00000353731	0	0	0	0	0.153	0.053	0	0.921	0.931
ATIC	HPRT1	9606.ENSP00000236959	9606.ENSP00000298556	0.119	0	0	0	0.088	0	0.900	0.542	0.958
ATIC	DHFR	9606.ENSP00000236959	9606.ENSP00000396308	0.103	0	0	0	0.087	0	0.900	0.863	0.987
ATIC	IMPDH2	9606.ENSP00000236959	9606.ENSP00000321584	0.102	0	0	0	0.577	0	0.942	0.637	0.991
ATIC	GART	9606.ENSP00000236959	9606.ENSP00000371253	0.356	0.001	0.349	0	0.971	0.225	0.980	0.916	0.999
AURKA	HDAC6	9606.ENSP00000216911	9606.ENSP00000365804	0	0	0	0	0	0.510	0	0.891	0.944
AURKA	TOP2A	9606.ENSP00000216911	9606.ENSP00000411532	0	0	0	0	0.826	0.071	0	0.791	0.963
AURKA	PLK1	9606.ENSP00000216911	9606.ENSP00000300093	0	0	0	0.741	0.902	0.690	0.500	0.840	0.997
AVPR1A	AVPR2	9606.ENSP00000299178	9606.ENSP00000496396	0	0	0.069	0.874	0.044	0	0.900	0.542	0.953
BCL2	MAPK1	9606.ENSP00000381185	9606.ENSP00000215832	0	0	0	0	0.086	0.292	0.900	0.586	0.969
BCL2	CTSC	9606.ENSP00000381185	9606.ENSP00000227266	0	0	0	0	0.055	0	0.900	0.172	0.914
BCL2	CCND1	9606.ENSP00000381185	9606.ENSP00000227507	0	0	0	0	0.052	0	0	0.957	0.958
BCL2	CTSD	9606.ENSP00000381185	9606.ENSP00000236671	0	0	0	0	0	0	0.900	0.514	0.949
BCL2	LGALS3	9606.ENSP00000381185	9606.ENSP00000254301	0	0	0	0	0.052	0	0	0.915	0.915
BCL2	MDM2	9606.ENSP00000381185	9606.ENSP00000258149	0	0	0	0	0.056	0	0	0.953	0.953
BCL2	CASP3	9606.ENSP00000381185	9606.ENSP00000311032	0	0	0	0	0.098	0.354	0	0.980	0.987
BCL2	CTSL	9606.ENSP00000381185	9606.ENSP00000345344	0	0	0	0	0.073	0	0.900	0.320	0.931
BCL2	CTSB	9606.ENSP00000381185	9606.ENSP00000345672	0	0	0	0	0.055	0	0.900	0.490	0.947
BCL2	CASP8	9606.ENSP00000381185	9606.ENSP00000351273	0	0	0	0	0.086	0.648	0	0.954	0.984
BCL2	PARP1	9606.ENSP00000381185	9606.ENSP00000355759	0	0	0	0	0.112	0.292	0	0.879	0.917
BCL2	CTSS	9606.ENSP00000381185	9606.ENSP00000357981	0	0	0	0	0.091	0	0.900	0.459	0.946
BCL2	XIAP	9606.ENSP00000381185	9606.ENSP00000360242	0	0	0	0	0.048	0.299	0	0.933	0.951
BCL2	BCL2L1	9606.ENSP00000381185	9606.ENSP00000365230	0	0	0	0.894	0	0.863	0.900	0.984	0.999
BCL2	MAPK8	9606.ENSP00000381185	9606.ENSP00000378974	0	0	0	0	0.094	0.287	0.900	0.713	0.979
BCL2	PPP2CA	9606.ENSP00000381185	9606.ENSP00000418447	0	0	0	0	0	0.515	0.900	0.297	0.962
BCL2L1	CTSC	9606.ENSP00000365230	9606.ENSP00000227266	0	0	0	0	0	0	0.900	0.137	0.910
BCL2L1	CTSD	9606.ENSP00000365230	9606.ENSP00000236671	0	0	0	0	0.074	0	0.900	0.344	0.934
BCL2L1	CASP3	9606.ENSP00000365230	9606.ENSP00000311032	0	0	0	0	0.044	0.209	0	0.940	0.950
BCL2L1	CTSL	9606.ENSP00000365230	9606.ENSP00000345344	0	0	0	0	0	0	0.900	0.230	0.919
BCL2L1	CTSB	9606.ENSP00000365230	9606.ENSP00000345672	0	0	0	0	0.075	0	0.900	0.388	0.938
BCL2L1	CASP8	9606.ENSP00000365230	9606.ENSP00000351273	0	0	0	0	0.042	0.510	0	0.869	0.933
BCL2L1	CTSS	9606.ENSP00000365230	9606.ENSP00000357981	0	0	0	0	0.042	0	0.900	0.388	0.936
BCL2L1	MCL1	9606.ENSP00000365230	9606.ENSP00000358022	0	0	0	0.620	0.049	0.362	0.900	0.845	0.989
BCL2L1	XIAP	9606.ENSP00000365230	9606.ENSP00000360242	0	0	0	0	0.082	0.051	0	0.936	0.939
BCL2L1	MAPK8	9606.ENSP00000365230	9606.ENSP00000378974	0	0	0	0	0.057	0.678	0.900	0.593	0.986
BHMT	BHMT2	9606.ENSP00000274353	9606.ENSP00000255192	0	0	0.051	0.978	0.164	0.626	0.900	0.062	0.967
C3AR1	C5AR1	9606.ENSP00000302079	9606.ENSP00000347197	0	0	0	0.811	0.246	0	0.500	0.970	0.987
CARM1	RPS6KB1	9606.ENSP00000325690	9606.ENSP00000225577	0	0	0	0	0.054	0.067	0.900	0.158	0.915
CARM1	FOS	9606.ENSP00000325690	9606.ENSP00000306245	0	0	0	0	0	0.311	0.900	0.217	0.941
CARM1	MAPK8	9606.ENSP00000325690	9606.ENSP00000378974	0	0	0	0	0.119	0.066	0.900	0.089	0.915
CARM1	SRC	9606.ENSP00000325690	9606.ENSP00000362680	0	0	0	0	0.094	0.046	0.900	0.563	0.957
CARM1	PRMT1	9606.ENSP00000325690	9606.ENSP00000406162	0	0	0	0.804	0.062	0.225	0.800	0.894	0.982
CASP1	CASP6	9606.ENSP00000433138	9606.ENSP00000265164	0	0	0	0.614	0.069	0	0.540	0.833	0.922
CASP1	CTSB	9606.ENSP00000433138	9606.ENSP00000345672	0	0	0	0	0.104	0.052	0.540	0.814	0.917
CASP1	CASP8	9606.ENSP00000433138	9606.ENSP00000351273	0	0	0	0.580	0.152	0.544	0.900	0.986	0.999
CASP1	XIAP	9606.ENSP00000433138	9606.ENSP00000360242	0	0	0	0	0.067	0.184	0	0.959	0.966
CASP1	TNF	9606.ENSP00000433138	9606.ENSP00000398698	0	0	0	0	0.171	0.091	0	0.883	0.904
CASP3	MAPK1	9606.ENSP00000311032	9606.ENSP00000215832	0	0	0	0	0.100	0.045	0.900	0.599	0.961
CASP3	GZMB	9606.ENSP00000311032	9606.ENSP00000216341	0	0	0	0	0.061	0.515	0.900	0.735	0.986
CASP3	MDM2	9606.ENSP00000311032	9606.ENSP00000258149	0	0	0	0	0.066	0.832	0	0.803	0.966
CASP3	PRKCG	9606.ENSP00000311032	9606.ENSP00000263431	0	0	0	0	0.074	0	0.900	0.220	0.921
CASP3	CASP6	9606.ENSP00000311032	9606.ENSP00000265164	0	0	0.060	0.886	0.056	0.775	0.540	0.593	0.955
CASP3	MCL1	9606.ENSP00000311032	9606.ENSP00000358022	0	0	0	0	0.091	0.354	0	0.861	0.911
CASP3	PRKCB	9606.ENSP00000311032	9606.ENSP00000496129	0	0	0	0	0.104	0	0.900	0.301	0.931
CASP3	TNF	9606.ENSP00000311032	9606.ENSP00000398698	0	0	0	0	0.098	0.096	0	0.932	0.939
CASP3	MAPK8	9606.ENSP00000311032	9606.ENSP00000378974	0	0	0	0	0.049	0.292	0	0.922	0.943
CASP3	STK3	9606.ENSP00000311032	9606.ENSP00000429744	0	0	0	0	0.061	0.421	0.900	0.138	0.946
CASP3	CASP7	9606.ENSP00000311032	9606.ENSP00000358327	0	0	0.069	0.940	0.134	0.421	0.900	0.096	0.950
CASP3	CASP8	9606.ENSP00000311032	9606.ENSP00000351273	0	0	0.088	0.828	0.105	0.786	0.900	0.983	0.999
CASP3	XIAP	9606.ENSP00000311032	9606.ENSP00000360242	0	0	0	0	0.069	0.998	0.900	0.998	0.999
CASP3	PARP1	9606.ENSP00000311032	9606.ENSP00000355759	0	0	0	0	0.064	0.867	0.900	0.953	0.999
CASP6	CASP8	9606.ENSP00000265164	9606.ENSP00000351273	0	0	0	0.757	0.108	0.744	0.900	0.910	0.997
CASP7	GZMB	9606.ENSP00000358327	9606.ENSP00000216341	0	0	0	0	0.049	0.299	0.900	0.352	0.951
CASP7	CASP8	9606.ENSP00000358327	9606.ENSP00000351273	0	0	0.083	0.746	0.109	0.628	0.900	0.788	0.992
CASP7	PARP1	9606.ENSP00000358327	9606.ENSP00000355759	0	0	0	0	0.062	0.706	0.900	0.848	0.995
CASP7	XIAP	9606.ENSP00000358327	9606.ENSP00000360242	0	0	0	0	0.090	0.993	0.900	0.997	0.999
CASP8	GZMB	9606.ENSP00000351273	9606.ENSP00000216341	0	0	0	0	0.050	0.292	0.900	0.502	0.962
CASP8	TNFRSF10A	9606.ENSP00000351273	9606.ENSP00000221132	0	0	0	0	0.063	0.912	0.500	0.944	0.997
CASP8	XIAP	9606.ENSP00000351273	9606.ENSP00000360242	0	0	0	0	0.085	0.676	0	0.909	0.970
CASP8	TNF	9606.ENSP00000351273	9606.ENSP00000398698	0	0	0	0	0.101	0.994	0	0.928	0.999
CBX4	CBX7	9606.ENSP00000269397	9606.ENSP00000216133	0	0	0	0.804	0.049	0	0.900	0.874	0.987
CBX4	HDAC2	9606.ENSP00000269397	9606.ENSP00000430432	0	0	0	0	0	0.103	0.900	0.273	0.929
CBX4	EZH1	9606.ENSP00000269397	9606.ENSP00000404658	0	0	0	0	0	0.100	0.900	0.624	0.963
CBX4	EZH2	9606.ENSP00000269397	9606.ENSP00000320147	0	0	0	0	0	0.100	0.900	0.685	0.969
CBX7	EZH1	9606.ENSP00000216133	9606.ENSP00000404658	0	0	0	0	0.118	0.100	0.900	0.475	0.952
CBX7	HDAC2	9606.ENSP00000216133	9606.ENSP00000430432	0	0	0	0	0	0.503	0.900	0.906	0.994
CBX7	EZH2	9606.ENSP00000216133	9606.ENSP00000320147	0	0	0	0	0.059	0.100	0.900	0.963	0.996
CCND1	HDAC3	9606.ENSP00000227507	9606.ENSP00000302967	0	0	0	0	0.060	0.787	0	0.543	0.900
CCND1	PRMT5	9606.ENSP00000227507	9606.ENSP00000319169	0	0	0	0	0.067	0.516	0.500	0.622	0.903
CCND1	HDAC4	9606.ENSP00000227507	9606.ENSP00000264606	0	0	0	0	0.086	0	0.800	0.600	0.920
CCND1	MDM2	9606.ENSP00000227507	9606.ENSP00000258149	0	0	0	0	0.055	0.292	0	0.898	0.926
CCND1	FOS	9606.ENSP00000227507	9606.ENSP00000306245	0	0	0	0	0.055	0.469	0.500	0.799	0.942
CCND1	GSK3B	9606.ENSP00000227507	9606.ENSP00000324806	0	0	0	0	0	0.409	0.900	0.803	0.987
CPA1	CPB1	9606.ENSP00000011292	9606.ENSP00000417222	0	0	0.084	0.912	0.964	0	0	0.120	0.969
CSNK2A1	HDAC1	9606.ENSP00000217244	9606.ENSP00000362649	0	0	0	0	0.115	0.794	0.720	0.335	0.961
CSNK2A1	HDAC2	9606.ENSP00000217244	9606.ENSP00000430432	0	0	0	0	0.185	0.841	0.720	0.318	0.972
CTSB	CTSD	9606.ENSP00000345672	9606.ENSP00000236671	0	0	0	0	0.483	0.177	0.400	0.923	0.977
CTSB	CTSL	9606.ENSP00000345672	9606.ENSP00000345344	0	0	0.129	0.648	0.212	0.095	0.900	0.647	0.974
CTSB	CTSS	9606.ENSP00000345672	9606.ENSP00000357981	0	0	0.121	0.670	0.206	0.109	0.900	0.431	0.958
CTSD	CTSS	9606.ENSP00000236671	9606.ENSP00000357981	0	0	0	0	0.115	0.115	0	0.882	0.900
CTSL	CTSS	9606.ENSP00000345344	9606.ENSP00000357981	0	0	0.074	0.932	0.044	0	0.900	0.108	0.910
DHFR	TYMS	9606.ENSP00000396308	9606.ENSP00000315644	0.120	0	0.513	0	0.857	0	0.978	0.995	0.999
DHFR	GART	9606.ENSP00000396308	9606.ENSP00000371253	0.112	0	0	0	0.175	0	0.900	0.875	0.989
DLG4	MDM2	9606.ENSP00000497806	9606.ENSP00000258149	0	0	0	0	0	0.405	0.800	0.510	0.936
DLG4	GRIK5	9606.ENSP00000497806	9606.ENSP00000301218	0	0	0	0	0.179	0.526	0.500	0.769	0.949
DLG4	GRIK1	9606.ENSP00000497806	9606.ENSP00000327687	0	0	0	0	0.093	0.315	0.500	0.838	0.943
DLG4	SRC	9606.ENSP00000497806	9606.ENSP00000362680	0	0	0	0	0.068	0.090	0.400	0.964	0.979
DLG4	GRIK2	9606.ENSP00000497806	9606.ENSP00000397026	0	0	0	0	0.079	0.743	0.540	0.991	0.998
DNMT1	SIRT1	9606.ENSP00000352516	9606.ENSP00000212015	0	0	0	0	0.047	0.597	0	0.815	0.922
DNMT1	SETDB1	9606.ENSP00000352516	9606.ENSP00000271640	0	0	0	0	0.062	0.087	0	0.959	0.962
DNMT1	SETD7	9606.ENSP00000352516	9606.ENSP00000274031	0	0	0	0	0.044	0.628	0	0.836	0.936
DNMT1	EZH2	9606.ENSP00000352516	9606.ENSP00000320147	0	0	0	0	0.253	0.826	0.500	0.997	0.999
DNMT1	DNMT3B	9606.ENSP00000352516	9606.ENSP00000328547	0	0	0	0	0.095	0.837	0.900	0.999	0.999
DNMT1	SUV39H1	9606.ENSP00000352516	9606.ENSP00000337976	0	0	0	0	0.140	0.516	0	0.996	0.998
DNMT1	PARP1	9606.ENSP00000352516	9606.ENSP00000355759	0	0	0	0	0.326	0.634	0	0.822	0.952
DNMT1	EHMT2	9606.ENSP00000352516	9606.ENSP00000379078	0	0	0	0	0.101	0.630	0	0.995	0.998
DNMT1	HDAC2	9606.ENSP00000352516	9606.ENSP00000430432	0	0	0	0	0.057	0.742	0.800	0.996	0.999
DNMT1	HDAC1	9606.ENSP00000352516	9606.ENSP00000362649	0	0	0	0	0.146	0.885	0.800	0.998	0.999
DNMT3B	SIRT1	9606.ENSP00000328547	9606.ENSP00000212015	0	0	0	0	0.042	0.576	0	0.833	0.926
DNMT3B	SETDB1	9606.ENSP00000328547	9606.ENSP00000271640	0	0	0	0	0.049	0.292	0	0.980	0.985
DNMT3B	EZH2	9606.ENSP00000328547	9606.ENSP00000320147	0	0	0	0	0.169	0.790	0.500	0.997	0.999
DNMT3B	EHMT2	9606.ENSP00000328547	9606.ENSP00000379078	0	0	0	0	0.049	0.301	0	0.908	0.933
DNMT3B	SUV39H1	9606.ENSP00000328547	9606.ENSP00000337976	0	0	0	0	0.062	0.292	0	0.986	0.990
DNMT3B	HDAC2	9606.ENSP00000328547	9606.ENSP00000430432	0	0	0	0	0.089	0.518	0.800	0.946	0.994
DNMT3B	HDAC1	9606.ENSP00000328547	9606.ENSP00000362649	0	0	0	0	0.060	0.737	0.800	0.992	0.999
DOT1L	SIRT1	9606.ENSP00000381657	9606.ENSP00000212015	0	0	0	0	0	0.546	0	0.808	0.909
DPP4	SLC5A2	9606.ENSP00000353731	9606.ENSP00000327943	0	0	0	0	0.042	0	0	0.909	0.909
DPP4	XPNPEP2	9606.ENSP00000353731	9606.ENSP00000360147	0	0	0	0	0.148	0	0.900	0.419	0.946
DPP4	MME	9606.ENSP00000353731	9606.ENSP00000418525	0	0	0	0	0.073	0	0.900	0.624	0.962
DPP4	ITGB1	9606.ENSP00000353731	9606.ENSP00000379350	0	0	0	0	0.047	0	0	0.967	0.967
ECE1	EDNRA	9606.ENSP00000364028	9606.ENSP00000315011	0	0	0	0	0.042	0	0	0.916	0.916
ECE1	EDNRB	9606.ENSP00000364028	9606.ENSP00000366416	0	0	0	0	0	0	0	0.905	0.905
EDNRA	F2	9606.ENSP00000315011	9606.ENSP00000308541	0	0	0	0	0	0.052	0.900	0.101	0.907
EDNRA	EDNRB	9606.ENSP00000315011	9606.ENSP00000366416	0	0	0.053	0.950	0.121	0	0.900	0.943	0.994
EDNRB	F2	9606.ENSP00000366416	9606.ENSP00000308541	0	0	0	0	0.060	0.052	0.900	0.116	0.910
EHMT1	HDAC1	9606.ENSP00000417980	9606.ENSP00000362649	0.042	0	0	0	0.085	0.473	0	0.889	0.942
EHMT1	EHMT2	9606.ENSP00000417980	9606.ENSP00000379078	0	0	0.075	0.925	0.131	0.836	0.900	0.979	0.999
EHMT2	SETDB1	9606.ENSP00000379078	9606.ENSP00000271640	0	0	0	0.555	0.102	0.314	0	0.948	0.965
EHMT2	EZH2	9606.ENSP00000379078	9606.ENSP00000320147	0	0	0	0.562	0.057	0.225	0	0.940	0.953
EHMT2	SUV39H1	9606.ENSP00000379078	9606.ENSP00000337976	0	0	0	0.710	0.056	0.421	0	0.964	0.978
EHMT2	HDAC1	9606.ENSP00000379078	9606.ENSP00000362649	0.042	0	0	0	0.083	0.662	0.500	0.996	0.999
EHMT2	HDAC2	9606.ENSP00000379078	9606.ENSP00000430432	0.042	0	0	0	0.082	0.644	0.500	0.902	0.982
ELANE	MMP9	9606.ENSP00000466090	9606.ENSP00000361405	0	0	0	0	0.085	0	0	0.972	0.973
EPHA1	EPHA2	9606.ENSP00000275815	9606.ENSP00000351209	0	0	0.070	0.935	0.049	0.819	0.400	0.795	0.976
EPHA2	GRB2	9606.ENSP00000351209	9606.ENSP00000376345	0	0	0	0	0.078	0.456	0.650	0.584	0.917
EPHA3	EPHA7	9606.ENSP00000337451	9606.ENSP00000358309	0	0	0.055	0.967	0.130	0.747	0.400	0.490	0.924
EPHA4	EPHB2	9606.ENSP00000281821	9606.ENSP00000383053	0	0	0.060	0.960	0	0.235	0.500	0.792	0.915
EPHX2	PNP	9606.ENSP00000430269	9606.ENSP00000354532	0.076	0	0	0	0.122	0	0.826	0.546	0.927
EZH1	EZH2	9606.ENSP00000404658	9606.ENSP00000320147	0	0	0.057	0.966	0	0.786	0.900	0.981	0.999
EZH1	HDAC2	9606.ENSP00000404658	9606.ENSP00000430432	0.042	0	0	0	0.060	0.189	0.900	0.344	0.943
EZH2	SIRT1	9606.ENSP00000320147	9606.ENSP00000212015	0	0	0	0	0.049	0.646	0.360	0.766	0.942
EZH2	MDM2	9606.ENSP00000320147	9606.ENSP00000258149	0	0	0	0	0.055	0.536	0	0.884	0.945
EZH2	HDAC3	9606.ENSP00000320147	9606.ENSP00000302967	0.042	0	0	0	0.067	0.585	0.500	0.954	0.989
EZH2	WDR5	9606.ENSP00000320147	9606.ENSP00000351446	0	0	0	0	0.088	0.125	0.500	0.788	0.904
EZH2	SUV39H1	9606.ENSP00000320147	9606.ENSP00000337976	0	0	0	0.624	0.081	0.292	0.360	0.910	0.957
EZH2	HDAC1	9606.ENSP00000320147	9606.ENSP00000362649	0.042	0	0	0	0.090	0.862	0.500	0.996	0.999
EZH2	HDAC2	9606.ENSP00000320147	9606.ENSP00000430432	0.042	0	0	0	0.102	0.812	0.900	0.985	0.999
F2	F9	9606.ENSP00000308541	9606.ENSP00000218099	0	0	0.121	0.720	0.238	0	0.540	0.808	0.932
F2	F3	9606.ENSP00000308541	9606.ENSP00000334145	0	0	0	0	0	0	0.540	0.993	0.996
F3	F9	9606.ENSP00000334145	9606.ENSP00000218099	0	0	0	0	0	0	0.750	0.977	0.994
F3	KLKB1	9606.ENSP00000334145	9606.ENSP00000264690	0	0	0	0	0	0	0.540	0.821	0.914
FDFT1	GGPS1	9606.ENSP00000491537	9606.ENSP00000282841	0.061	0	0	0	0.295	0.091	0.847	0.873	0.986
FDFT1	HMGCR	9606.ENSP00000491537	9606.ENSP00000287936	0.057	0	0	0	0.359	0.087	0	0.926	0.954
FDFT1	FNTA	9606.ENSP00000491537	9606.ENSP00000303423	0	0	0	0	0.054	0	0.800	0.525	0.902
FNTA	GGPS1	9606.ENSP00000303423	9606.ENSP00000282841	0	0	0	0	0.102	0	0.910	0.571	0.962
FNTA	PGGT1B	9606.ENSP00000303423	9606.ENSP00000404676	0	0	0	0	0.075	0.987	0.967	0.986	0.999
FOS	MAPK1	9606.ENSP00000306245	9606.ENSP00000215832	0	0	0	0	0.055	0.450	0.900	0.864	0.992
FOS	RPS6KB1	9606.ENSP00000306245	9606.ENSP00000225577	0	0	0	0	0.055	0.071	0.900	0.461	0.946
FOS	PRKCG	9606.ENSP00000306245	9606.ENSP00000263431	0	0	0	0	0.049	0	0.900	0.400	0.938
FOS	PRKCB	9606.ENSP00000306245	9606.ENSP00000496129	0	0	0	0	0.056	0	0.900	0.319	0.930
FOS	MAPK8	9606.ENSP00000306245	9606.ENSP00000378974	0	0	0	0	0	0.174	0.900	0.849	0.986
FOS	SRC	9606.ENSP00000306245	9606.ENSP00000362680	0	0	0	0	0.102	0.096	0.900	0.848	0.986
FPR1	FPR2	9606.ENSP00000471493	9606.ENSP00000468897	0	0	0.055	0.970	0.766	0	0.900	0.392	0.984
GALR1	GALR2	9606.ENSP00000299727	9606.ENSP00000329684	0	0	0	0.879	0	0	0.900	0.810	0.980
GCLC	LAP3	9606.ENSP00000497574	9606.ENSP00000226299	0	0	0	0	0.045	0	0.900	0	0.900
GLO1	HAGH	9606.ENSP00000362463	9606.ENSP00000380514	0.045	0	0	0	0.070	0	0.934	0.991	0.999
GRB2	MAPK1	9606.ENSP00000376345	9606.ENSP00000215832	0	0	0	0	0.093	0	0.400	0.866	0.920
GRB2	PDGFRB	9606.ENSP00000376345	9606.ENSP00000261799	0	0	0	0	0.055	0.792	0.900	0.955	0.999
GRB2	KDR	9606.ENSP00000376345	9606.ENSP00000263923	0	0	0	0	0.055	0.553	0.650	0.824	0.970
GRB2	PIK3CA	9606.ENSP00000376345	9606.ENSP00000263967	0	0	0	0	0	0.676	0.400	0.642	0.924
GRB2	ZAP70	9606.ENSP00000376345	9606.ENSP00000264972	0	0	0	0.615	0.066	0.540	0	0.984	0.992
GRB2	MET	9606.ENSP00000376345	9606.ENSP00000317272	0	0	0	0	0	0.831	0.900	0.980	0.999
GRB2	SRC	9606.ENSP00000376345	9606.ENSP00000362680	0	0	0	0.737	0.083	0.558	0.900	0.986	0.999
GRB2	SYK	9606.ENSP00000376345	9606.ENSP00000364898	0	0	0	0	0.137	0.648	0.400	0.935	0.986
GRIK1	GRIK5	9606.ENSP00000327687	9606.ENSP00000301218	0	0	0.082	0.897	0.062	0.167	0.500	0.984	0.993
GRIK1	GRIK3	9606.ENSP00000327687	9606.ENSP00000362183	0	0	0.052	0.975	0.122	0.091	0.500	0.977	0.989
GRIK1	GRIK2	9606.ENSP00000327687	9606.ENSP00000397026	0	0	0.050	0.979	0.064	0.095	0.900	0.980	0.998
GRIK2	GRIK5	9606.ENSP00000397026	9606.ENSP00000301218	0	0	0.076	0.909	0	0.965	0.500	0.983	0.999
GRIK2	GRIK3	9606.ENSP00000397026	9606.ENSP00000362183	0	0	0.050	0.981	0.092	0.095	0.540	0.966	0.985
GRIK3	GRIK5	9606.ENSP00000362183	9606.ENSP00000301218	0	0	0.080	0.903	0.113	0.385	0.500	0.955	0.986
GRM2	GRM3	9606.ENSP00000378492	9606.ENSP00000355316	0	0	0.054	0.973	0.074	0	0.900	0.390	0.939
GRPR	NMBR	9606.ENSP00000369643	9606.ENSP00000258042	0	0	0.050	0.951	0.042	0	0.900	0.296	0.927
GSK3B	HSP90AB1	9606.ENSP00000324806	9606.ENSP00000360609	0	0	0	0	0.049	0.308	0	0.888	0.920
GSTP1	MAPK8	9606.ENSP00000381607	9606.ENSP00000378974	0	0	0	0	0.042	0.805	0	0.875	0.974
GZMB	MCL1	9606.ENSP00000216341	9606.ENSP00000358022	0	0	0	0	0.067	0	0.900	0.320	0.931
GZMB	PARP1	9606.ENSP00000216341	9606.ENSP00000355759	0	0	0	0	0.074	0	0.900	0.560	0.955
HDAC1	SIRT1	9606.ENSP00000362649	9606.ENSP00000212015	0	0	0	0	0	0.528	0	0.987	0.993
HDAC1	MDM2	9606.ENSP00000362649	9606.ENSP00000258149	0	0	0	0	0.061	0.737	0	0.863	0.963
HDAC1	SETDB1	9606.ENSP00000362649	9606.ENSP00000271640	0.042	0	0	0	0.145	0.553	0	0.980	0.992
HDAC1	HDAC3	9606.ENSP00000362649	9606.ENSP00000302967	0	0	0.059	0.963	0.262	0	0.900	0.058	0.925
HDAC1	SUV39H1	9606.ENSP00000362649	9606.ENSP00000337976	0.042	0	0	0	0.085	0.553	0	0.988	0.994
HDAC1	WDR5	9606.ENSP00000362649	9606.ENSP00000351446	0	0	0	0	0.143	0.700	0.500	0.662	0.950
HDAC1	PARP1	9606.ENSP00000362649	9606.ENSP00000355759	0	0	0	0	0.124	0.647	0	0.701	0.900
HDAC1	PRMT1	9606.ENSP00000362649	9606.ENSP00000406162	0	0	0	0	0.082	0.309	0.500	0.743	0.907
HDAC1	KDM5A	9606.ENSP00000362649	9606.ENSP00000382688	0	0	0	0	0.063	0.677	0	0.772	0.925
HDAC1	NCOR2	9606.ENSP00000362649	9606.ENSP00000384018	0	0	0	0	0.049	0.701	0.800	0.995	0.999
HDAC1	HDAC2	9606.ENSP00000362649	9606.ENSP00000430432	0	0	0.049	0.983	0.101	0.994	0.900	0.982	0.999
HDAC10	NCOR2	9606.ENSP00000216271	9606.ENSP00000384018	0	0	0	0	0.084	0.572	0.500	0.842	0.965
HDAC2	HDAC3	9606.ENSP00000430432	9606.ENSP00000302967	0	0	0.059	0.963	0.067	0	0.900	0.056	0.906
HDAC2	SUV39H1	9606.ENSP00000430432	9606.ENSP00000337976	0.042	0	0	0	0.060	0.553	0	0.872	0.941
HDAC2	NCOR2	9606.ENSP00000430432	9606.ENSP00000384018	0	0	0	0	0.044	0.643	0.800	0.920	0.993
HDAC3	HDAC4	9606.ENSP00000302967	9606.ENSP00000264606	0	0	0.175	0.603	0.049	0.877	0	0.308	0.924
HDAC3	PPARG	9606.ENSP00000302967	9606.ENSP00000287820	0	0	0	0	0	0.746	0.500	0.748	0.965
HDAC3	WDR5	9606.ENSP00000302967	9606.ENSP00000351446	0	0	0	0	0.092	0.648	0.500	0.724	0.950
HDAC3	NCOR2	9606.ENSP00000302967	9606.ENSP00000384018	0	0	0	0	0.049	0.992	0.800	0.995	0.999
HDAC4	SIRT1	9606.ENSP00000264606	9606.ENSP00000212015	0	0	0	0	0.067	0.559	0	0.776	0.900
HDAC4	UBE2I	9606.ENSP00000264606	9606.ENSP00000348056	0	0	0	0	0.060	0.787	0.400	0.615	0.947
HDAC4	HSP90AB1	9606.ENSP00000264606	9606.ENSP00000360609	0	0	0	0	0.046	0.175	0	0.956	0.962
HDAC4	NCOR2	9606.ENSP00000264606	9606.ENSP00000384018	0	0	0	0	0.077	0.978	0.500	0.931	0.999
HDAC6	SIRT2	9606.ENSP00000365804	9606.ENSP00000249396	0	0	0	0	0.042	0.559	0	0.872	0.941
HDAC6	HSP90AB1	9606.ENSP00000365804	9606.ENSP00000360609	0	0	0	0	0.048	0.426	0.500	0.994	0.998
HPRT1	IMPDH2	9606.ENSP00000298556	9606.ENSP00000321584	0.057	0	0	0	0.067	0	0.910	0.633	0.967
HPRT1	PNP	9606.ENSP00000298556	9606.ENSP00000354532	0.111	0	0	0	0.123	0.069	0.956	0.704	0.989
HSP90AB1	NOS3	9606.ENSP00000360609	9606.ENSP00000297494	0	0	0	0	0	0.059	0.800	0.992	0.998
HSP90AB1	IKBKB	9606.ENSP00000360609	9606.ENSP00000430684	0	0	0	0	0.065	0.740	0	0.909	0.976
HSP90AB1	SRC	9606.ENSP00000360609	9606.ENSP00000362680	0	0	0	0	0.042	0.301	0	0.993	0.995
IDE	NPPA	9606.ENSP00000265986	9606.ENSP00000365663	0	0	0	0	0	0.900	0	0.411	0.938
IDE	MME	9606.ENSP00000265986	9606.ENSP00000418525	0	0	0	0	0.046	0	0	0.941	0.941
IDO1	INMT	9606.ENSP00000430950	9606.ENSP00000013222	0	0	0	0	0.056	0	0.900	0.157	0.913
IDO1	MAOA	9606.ENSP00000430950	9606.ENSP00000340684	0	0	0	0	0	0	0.900	0.419	0.939
IKBKB	PRKCQ	9606.ENSP00000430684	9606.ENSP00000263125	0	0	0	0.569	0	0.747	0.900	0.333	0.981
IKBKB	SRC	9606.ENSP00000430684	9606.ENSP00000362680	0	0	0	0.565	0.055	0.735	0	0.700	0.918
IKBKB	TNF	9606.ENSP00000430684	9606.ENSP00000398698	0	0	0	0	0.089	0.994	0.500	0.934	0.999
INMT	MAOA	9606.ENSP00000013222	9606.ENSP00000340684	0	0	0	0	0.056	0	0.900	0.321	0.930
ITGA2	ITGAV	9606.ENSP00000296585	9606.ENSP00000261023	0	0	0	0.598	0.164	0	0.900	0.646	0.967
ITGA2	PIK3CA	9606.ENSP00000296585	9606.ENSP00000263967	0	0	0	0	0	0	0.900	0.167	0.913
ITGA2	ITGB7	9606.ENSP00000296585	9606.ENSP00000267082	0	0	0	0	0.080	0.114	0.900	0.420	0.946
ITGA2	ITGAL	9606.ENSP00000296585	9606.ENSP00000349252	0	0	0	0.667	0.049	0	0.900	0.202	0.917
ITGA2	ITGA4	9606.ENSP00000296585	9606.ENSP00000380227	0	0	0	0.598	0.065	0	0.900	0.527	0.951
ITGA2	ITGA3	9606.ENSP00000296585	9606.ENSP00000315190	0	0	0	0.589	0.159	0	0.900	0.694	0.972
ITGA2	ITGB1	9606.ENSP00000296585	9606.ENSP00000379350	0	0	0	0	0.117	0.743	0.900	0.997	0.999
ITGA2B	ITGAV	9606.ENSP00000262407	9606.ENSP00000261023	0	0	0	0.861	0	0	0.900	0.508	0.948
ITGA2B	SRC	9606.ENSP00000262407	9606.ENSP00000362680	0	0	0	0	0.131	0.071	0.900	0.555	0.959
ITGA2B	ITGB1	9606.ENSP00000262407	9606.ENSP00000379350	0	0	0	0	0.086	0.135	0.800	0.787	0.961
ITGA3	ITGAV	9606.ENSP00000315190	9606.ENSP00000261023	0	0	0	0.647	0.067	0	0.900	0.689	0.968
ITGA3	ITGB7	9606.ENSP00000315190	9606.ENSP00000267082	0	0	0	0	0.067	0.135	0.900	0.458	0.950
ITGA3	ITGAL	9606.ENSP00000315190	9606.ENSP00000349252	0	0	0	0.585	0.042	0	0.900	0.178	0.914
ITGA3	ITGA4	9606.ENSP00000315190	9606.ENSP00000380227	0	0	0	0.639	0.042	0	0.900	0.505	0.948
ITGA3	ITGB1	9606.ENSP00000315190	9606.ENSP00000379350	0	0	0	0	0.099	0.625	0.900	0.995	0.999
ITGA4	ITGAV	9606.ENSP00000380227	9606.ENSP00000261023	0	0	0.097	0.664	0.044	0.226	0.900	0.496	0.960
ITGA4	ITGB7	9606.ENSP00000380227	9606.ENSP00000267082	0	0	0	0	0.144	0.979	0.900	0.996	0.999
ITGA4	ITGAL	9606.ENSP00000380227	9606.ENSP00000349252	0	0	0	0.601	0.215	0	0.900	0.575	0.963
ITGA4	SRC	9606.ENSP00000380227	9606.ENSP00000362680	0	0	0	0	0.068	0.070	0.900	0.536	0.954
ITGA4	ITGB1	9606.ENSP00000380227	9606.ENSP00000379350	0	0	0	0	0.084	0.749	0.900	0.998	0.999
ITGAL	ITGAV	9606.ENSP00000349252	9606.ENSP00000261023	0	0	0	0.564	0.046	0	0.900	0.218	0.918
ITGAL	ITGB7	9606.ENSP00000349252	9606.ENSP00000267082	0	0	0	0	0.328	0.114	0.900	0.647	0.976
ITGAL	ITGB1	9606.ENSP00000349252	9606.ENSP00000379350	0	0	0	0	0.068	0.114	0.900	0.840	0.985
ITGAV	SRC	9606.ENSP00000261023	9606.ENSP00000362680	0	0	0	0	0.059	0.071	0.900	0.456	0.946
ITGAV	ITGB7	9606.ENSP00000261023	9606.ENSP00000267082	0	0	0	0	0.098	0.135	0.900	0.455	0.951
ITGAV	ITGB1	9606.ENSP00000261023	9606.ENSP00000379350	0	0	0	0	0.197	0.742	0.900	0.994	0.999
ITGB1	LGALS3	9606.ENSP00000379350	9606.ENSP00000254301	0	0	0	0	0.084	0.292	0	0.902	0.931
ITGB1	PIK3CA	9606.ENSP00000379350	9606.ENSP00000263967	0	0	0	0	0.124	0	0.900	0.509	0.953
ITGB1	ITGB7	9606.ENSP00000379350	9606.ENSP00000267082	0	0	0.075	0.924	0	0	0.900	0.139	0.913
ITGB1	SRC	9606.ENSP00000379350	9606.ENSP00000362680	0	0	0	0	0.074	0.052	0.900	0.868	0.986
ITGB7	SRC	9606.ENSP00000267082	9606.ENSP00000362680	0	0	0	0	0.062	0.052	0.900	0.268	0.926
JAK1	PDGFRB	9606.ENSP00000499900	9606.ENSP00000261799	0	0	0	0.559	0.055	0.074	0.900	0.213	0.921
JAK1	KDR	9606.ENSP00000499900	9606.ENSP00000263923	0	0	0	0.565	0.055	0.074	0.900	0.474	0.947
JAK1	PIK3CA	9606.ENSP00000499900	9606.ENSP00000263967	0	0	0	0	0.068	0.069	0.900	0.690	0.969
JAK1	MET	9606.ENSP00000499900	9606.ENSP00000317272	0	0	0	0.571	0.049	0.071	0.900	0.174	0.917
JAK1	JAK3	9606.ENSP00000499900	9606.ENSP00000432511	0	0	0	0.888	0.057	0.510	0.900	0.983	0.999
JAK3	PIK3CA	9606.ENSP00000432511	9606.ENSP00000263967	0	0	0	0	0.048	0.069	0.900	0.675	0.967
KDR	LGALS3	9606.ENSP00000263923	9606.ENSP00000254301	0	0	0	0	0.074	0.067	0	0.906	0.911
KDR	PDGFRB	9606.ENSP00000263923	9606.ENSP00000261799	0	0	0.103	0.677	0.084	0.301	0	0.979	0.986
KDR	PIK3CA	9606.ENSP00000263923	9606.ENSP00000263967	0	0	0	0	0	0.098	0.900	0.754	0.975
KDR	SRC	9606.ENSP00000263923	9606.ENSP00000362680	0	0	0	0.647	0.059	0.796	0.900	0.938	0.998
KDR	NRP1	9606.ENSP00000263923	9606.ENSP00000265371	0	0	0	0	0.074	0.828	0.700	0.997	0.999
KMT2A	MEN1	9606.ENSP00000436786	9606.ENSP00000337088	0	0	0	0	0.063	0.911	0.800	0.990	0.999
KMT2A	WDR5	9606.ENSP00000436786	9606.ENSP00000351446	0	0	0	0	0.092	0.991	0.900	0.978	0.999
LAP3	XPNPEP1	9606.ENSP00000226299	9606.ENSP00000421566	0.055	0	0	0	0.071	0.091	0	0.955	0.959
MAOA	SLC6A4	9606.ENSP00000340684	9606.ENSP00000261707	0	0	0	0	0.044	0	0	0.942	0.942
MAPK1	PRKCG	9606.ENSP00000215832	9606.ENSP00000263431	0	0	0	0.595	0.055	0.064	0.900	0.116	0.911
MAPK1	THRB	9606.ENSP00000215832	9606.ENSP00000379904	0	0	0	0	0.055	0	0.900	0.145	0.912
MAPK1	ROCK2	9606.ENSP00000215832	9606.ENSP00000317985	0	0	0	0.592	0.069	0.110	0.900	0.138	0.919
MAPK1	RPS6KB1	9606.ENSP00000215832	9606.ENSP00000225577	0	0	0	0.645	0.049	0.097	0.900	0.252	0.927
MAPK1	PRKCB	9606.ENSP00000215832	9606.ENSP00000496129	0	0	0	0.591	0.126	0.102	0.900	0.196	0.928
MAPK1	SRC	9606.ENSP00000215832	9606.ENSP00000362680	0	0	0	0.623	0.065	0.342	0.500	0.805	0.932
MAPK1	PPP2CA	9606.ENSP00000215832	9606.ENSP00000418447	0	0	0	0	0.107	0.356	0.900	0.607	0.974
MAPK1	MKNK2	9606.ENSP00000215832	9606.ENSP00000250896	0	0	0	0.606	0.061	0.790	0.900	0.262	0.983
MAPK8	PRKCQ	9606.ENSP00000378974	9606.ENSP00000263125	0	0	0	0.595	0	0.096	0.900	0.115	0.913
MAPK8	PRKCE	9606.ENSP00000378974	9606.ENSP00000306124	0	0	0	0.575	0.060	0.096	0.900	0.140	0.917
MAPK8	SRC	9606.ENSP00000378974	9606.ENSP00000362680	0	0	0	0.576	0.054	0.094	0.900	0.578	0.959
MC1R	TYR	9606.ENSP00000451605	9606.ENSP00000263321	0	0	0	0	0.068	0.049	0	0.959	0.960
MDM2	XIAP	9606.ENSP00000258149	9606.ENSP00000360242	0	0	0	0	0.264	0.596	0	0.782	0.929
MEN1	WDR5	9606.ENSP00000337088	9606.ENSP00000351446	0	0	0	0	0.107	0.744	0.800	0.772	0.988
MET	PIK3CA	9606.ENSP00000317272	9606.ENSP00000263967	0	0	0	0	0.042	0.069	0.900	0.617	0.961
MET	SRC	9606.ENSP00000317272	9606.ENSP00000362680	0	0	0	0.678	0.067	0.682	0.900	0.800	0.993
MGAM	SI	9606.ENSP00000447378	9606.ENSP00000264382	0	0	0.058	0.965	0.083	0	0.900	0.072	0.909
MME	XPNPEP2	9606.ENSP00000418525	9606.ENSP00000360147	0	0	0	0	0.093	0	0.900	0.354	0.936
MMP1	MMP2	9606.ENSP00000322788	9606.ENSP00000219070	0	0	0	0.864	0.181	0	0.900	0.215	0.930
MMP1	MMP3	9606.ENSP00000322788	9606.ENSP00000299855	0	0	0.064	0.951	0.657	0	0.900	0.597	0.985
MMP1	MMP9	9606.ENSP00000322788	9606.ENSP00000361405	0	0	0	0.743	0.154	0	0.900	0.725	0.974
MMP10	MMP3	9606.ENSP00000279441	9606.ENSP00000299855	0	0	0.050	0.980	0.393	0.818	0.500	0.572	0.973
MMP2	MMP9	9606.ENSP00000219070	9606.ENSP00000361405	0	0	0.061	0.927	0.128	0	0.900	0.116	0.918
MMP2	MMP7	9606.ENSP00000219070	9606.ENSP00000260227	0	0	0	0.878	0.128	0	0.800	0.798	0.961
MMP2	SRC	9606.ENSP00000219070	9606.ENSP00000362680	0	0	0	0	0.042	0	0.900	0.740	0.972
MMP3	MMP9	9606.ENSP00000299855	9606.ENSP00000361405	0	0	0.075	0.784	0.145	0	0.900	0.514	0.956
MMP9	TNF	9606.ENSP00000361405	9606.ENSP00000398698	0	0	0	0	0.207	0	0	0.915	0.930
MMP9	SRC	9606.ENSP00000361405	9606.ENSP00000362680	0	0	0	0	0.075	0	0.900	0.706	0.970
NCOR2	THRA	9606.ENSP00000384018	9606.ENSP00000264637	0	0	0	0	0.068	0.570	0.500	0.620	0.913
NCOR2	PPARG	9606.ENSP00000384018	9606.ENSP00000287820	0	0	0	0	0	0.984	0.500	0.920	0.999
NCOR2	PPARD	9606.ENSP00000384018	9606.ENSP00000310928	0	0	0	0	0.139	0.549	0.500	0.633	0.919
NCOR2	THRB	9606.ENSP00000384018	9606.ENSP00000379904	0	0	0	0	0	0.848	0.500	0.572	0.964
NCOR2	PPARA	9606.ENSP00000384018	9606.ENSP00000385523	0	0	0	0	0	0.970	0.500	0.778	0.996
NNMT	SIRT1	9606.ENSP00000441434	9606.ENSP00000212015	0	0	0	0	0	0	0.900	0.447	0.942
NNMT	SIRT2	9606.ENSP00000441434	9606.ENSP00000249396	0	0	0	0	0	0	0.900	0.200	0.916
NNMT	PNP	9606.ENSP00000441434	9606.ENSP00000354532	0	0	0	0	0.044	0	0.900	0.203	0.917
NNMT	SIRT3	9606.ENSP00000441434	9606.ENSP00000372191	0	0	0	0	0.044	0	0.900	0.306	0.927
NOS2	NOS3	9606.ENSP00000327251	9606.ENSP00000297494	0	0	0.069	0.942	0	0.087	0.900	0.090	0.912
NOS2	PTGS2	9606.ENSP00000327251	9606.ENSP00000356438	0	0	0	0	0	0.095	0	0.902	0.908
NPPA	PTGER2	9606.ENSP00000365663	9606.ENSP00000245457	0	0	0	0	0	0	0.900	0	0.900
NPPA	NPR3	9606.ENSP00000365663	9606.ENSP00000265074	0	0	0	0	0	0.983	0	0.999	0.999
NPPA	REN	9606.ENSP00000365663	9606.ENSP00000272190	0	0	0	0	0	0	0	0.941	0.941
NPPA	NPR1	9606.ENSP00000365663	9606.ENSP00000357669	0	0	0	0	0.042	0.884	0.900	0.999	0.999
NTSR1	NTSR2	9606.ENSP00000359532	9606.ENSP00000303686	0	0	0.069	0.889	0	0	0.900	0.500	0.949
OPRD1	OPRM1	9606.ENSP00000234961	9606.ENSP00000394624	0	0	0.052	0.961	0.121	0.516	0.900	0.319	0.967
OPRD1	PDYN	9606.ENSP00000234961	9606.ENSP00000440185	0	0	0	0	0.065	0	0.900	0.801	0.979
OPRM1	PDYN	9606.ENSP00000394624	9606.ENSP00000440185	0	0	0	0	0.114	0	0.900	0.874	0.987
PARP1	POLB	9606.ENSP00000355759	9606.ENSP00000265421	0	0	0	0	0.049	0.804	0.500	0.962	0.996
PDGFRB	PIK3CA	9606.ENSP00000261799	9606.ENSP00000263967	0	0	0	0	0	0.097	0.900	0.763	0.976
PDGFRB	SRC	9606.ENSP00000261799	9606.ENSP00000362680	0	0	0	0.654	0.067	0.796	0.900	0.972	0.999
PIK3CA	THRA	9606.ENSP00000263967	9606.ENSP00000264637	0	0	0	0	0.049	0	0.900	0.052	0.901
PIK3CA	THRB	9606.ENSP00000263967	9606.ENSP00000379904	0	0	0	0	0	0	0.900	0.124	0.908
PIK3CA	ZAP70	9606.ENSP00000263967	9606.ENSP00000264972	0	0	0	0	0	0.069	0.900	0.217	0.920
PIK3CA	SYK	9606.ENSP00000263967	9606.ENSP00000364898	0	0	0	0	0	0.069	0.900	0.364	0.935
PIK3CA	SRC	9606.ENSP00000263967	9606.ENSP00000362680	0	0	0	0	0.050	0.069	0.900	0.846	0.984
PIM1	PIM2	9606.ENSP00000362608	9606.ENSP00000365692	0	0	0.067	0.947	0.149	0.115	0.900	0.085	0.924
PLK1	TOP2A	9606.ENSP00000300093	9606.ENSP00000411532	0	0	0	0	0.612	0.292	0	0.768	0.931
PNP	SIRT1	9606.ENSP00000354532	9606.ENSP00000212015	0.060	0	0	0	0	0	0.900	0.330	0.931
PNP	SIRT2	9606.ENSP00000354532	9606.ENSP00000249396	0.060	0	0	0	0	0	0.900	0.185	0.916
PNP	SIRT3	9606.ENSP00000354532	9606.ENSP00000372191	0.060	0	0	0	0.042	0	0.900	0.159	0.914
PPARA	SIRT1	9606.ENSP00000385523	9606.ENSP00000212015	0	0	0	0	0	0.345	0	0.862	0.906
PPARG	SIRT1	9606.ENSP00000287820	9606.ENSP00000212015	0	0	0	0	0	0.345	0.900	0.981	0.998
PPP1CA	PRKCE	9606.ENSP00000326031	9606.ENSP00000306124	0	0	0	0	0.050	0.096	0.900	0.090	0.911
PPP1CA	ROCK2	9606.ENSP00000326031	9606.ENSP00000317985	0	0	0	0	0.052	0.091	0.900	0.155	0.917
PPP2CA	RPS6KB1	9606.ENSP00000418447	9606.ENSP00000225577	0	0	0	0	0.150	0.094	0.900	0.767	0.979
PPP2CA	PRKCG	9606.ENSP00000418447	9606.ENSP00000263431	0	0	0	0	0	0.071	0.900	0.148	0.914
PPP2CA	PRKCB	9606.ENSP00000418447	9606.ENSP00000496129	0	0	0	0	0.047	0.071	0.900	0.152	0.914
PPP2CA	STK3	9606.ENSP00000418447	9606.ENSP00000429744	0	0	0	0	0.044	0.182	0.900	0.096	0.919
PRKCB	PRKCQ	9606.ENSP00000496129	9606.ENSP00000263125	0	0	0.063	0.887	0.135	0	0.900	0.082	0.915
PRKCB	TYR	9606.ENSP00000496129	9606.ENSP00000263321	0	0	0	0	0.073	0	0.900	0.228	0.922
PRKCB	PRKCG	9606.ENSP00000496129	9606.ENSP00000263431	0	0	0.053	0.974	0.062	0.452	0.900	0.061	0.946
PRKCB	SLC6A3	9606.ENSP00000496129	9606.ENSP00000270349	0	0	0	0	0	0	0.900	0.205	0.917
PRKCE	PRKCQ	9606.ENSP00000306124	9606.ENSP00000263125	0	0	0.067	0.905	0	0	0.900	0.089	0.907
PRKCG	SLC6A3	9606.ENSP00000263431	9606.ENSP00000270349	0	0	0	0	0	0	0.900	0.092	0.905
PRMT1	PRMT5	9606.ENSP00000406162	9606.ENSP00000319169	0	0	0	0	0.172	0.094	0.900	0.927	0.993
PRMT3	PRMT5	9606.ENSP00000331879	9606.ENSP00000319169	0	0	0	0	0.141	0.094	0	0.891	0.908
PRMT5	WDR5	9606.ENSP00000319169	9606.ENSP00000351446	0	0	0	0	0.147	0.292	0.500	0.729	0.907
PSMB1	PSMB9	9606.ENSP00000262193	9606.ENSP00000363993	0	0	0	0	0.828	0.993	0.720	0.722	0.999
PSMB1	PSMB8	9606.ENSP00000262193	9606.ENSP00000364016	0	0	0	0	0.614	0.999	0.720	0.738	0.999
PSMB1	PSMB2	9606.ENSP00000262193	9606.ENSP00000362334	0	0	0	0.674	0.964	0.998	0.900	0.863	0.999
PSMB2	PSMB8	9606.ENSP00000362334	9606.ENSP00000364016	0	0	0	0.625	0.624	0.995	0.720	0.714	0.999
PSMB2	PSMB9	9606.ENSP00000362334	9606.ENSP00000363993	0	0	0	0	0.704	0.994	0.720	0.934	0.999
PSMB8	PSMB9	9606.ENSP00000364016	9606.ENSP00000363993	0	0	0.119	0.757	0.999	0.999	0.720	0.988	0.999
PTGS2	TNF	9606.ENSP00000356438	9606.ENSP00000398698	0	0	0	0	0.185	0	0	0.901	0.916
RRM1	TYMS	9606.ENSP00000300738	9606.ENSP00000315644	0.211	0	0	0	0.881	0	0	0.772	0.976
S1PR1	S1PR4	9606.ENSP00000305416	9606.ENSP00000246115	0	0	0	0.867	0.140	0	0.900	0.448	0.948
SETDB1	SUV39H1	9606.ENSP00000271640	9606.ENSP00000337976	0	0	0	0.616	0.074	0.537	0	0.974	0.988
SIRT1	SIRT2	9606.ENSP00000212015	9606.ENSP00000249396	0	0	0.124	0.823	0	0.335	0.900	0.346	0.956
SIRT1	SUV39H1	9606.ENSP00000212015	9606.ENSP00000337976	0	0	0	0	0.042	0.538	0.900	0.989	0.999
SIRT2	SUV39H1	9606.ENSP00000249396	9606.ENSP00000337976	0	0	0	0	0	0.096	0.900	0.455	0.946
SLC1A2	SLC1A3	9606.ENSP00000278379	9606.ENSP00000265113	0	0	0.073	0.935	0.140	0	0.900	0.108	0.919
SRC	TNF	9606.ENSP00000362680	9606.ENSP00000398698	0	0	0	0	0.098	0.057	0	0.897	0.904
SRC	SYK	9606.ENSP00000362680	9606.ENSP00000364898	0	0	0.096	0.722	0.056	0.650	0.900	0.976	0.999
SYK	ZAP70	9606.ENSP00000364898	9606.ENSP00000264972	0	0	0.053	0.954	0.067	0	0.900	0.771	0.977
THRA	THRB	9606.ENSP00000264637	9606.ENSP00000379904	0	0	0.058	0.962	0	0	0.900	0.396	0.938
TNF	TNFRSF10A	9606.ENSP00000398698	9606.ENSP00000221132	0	0	0	0	0.044	0	0	0.997	0.997
TNF	XIAP	9606.ENSP00000398698	9606.ENSP00000360242	0	0	0	0	0.055	0	0.500	0.810	0.902
TOP2A	TYMS	9606.ENSP00000411532	9606.ENSP00000315644	0.120	0	0	0	0.780	0	0	0.813	0.960
